{"stats":{"minecraft:used":{"minecraft:command_block":1},"minecraft:picked_up":{"minecraft:pink_petals":3},"minecraft:mined":{"minecraft:grass":1},"minecraft:custom":{"minecraft:jump":17,"minecraft:time_since_rest":2558,"minecraft:crouch_one_cm":13,"minecraft:sprint_one_cm":1195,"minecraft:play_time":2558,"minecraft:damage_taken":165,"minecraft:time_since_death":2558,"minecraft:walk_one_cm":615,"minecraft:sneak_time":25,"minecraft:total_world_time":2558,"minecraft:fly_one_cm":5081}},"DataVersion":3465}