{"stats":{"minecraft:used":{"minecraft:warped_stem":5,"minecraft:polished_blackstone_brick_slab":1,"minecraft:chorus_fruit":2,"minecraft:stone_shovel":131,"minecraft:stone_pickaxe":8,"minecraft:oak_planks":1,"minecraft:wooden_pickaxe":59,"minecraft:sandstone":2,"minecraft:stonecutter":1,"minecraft:wooden_shovel":60,"minecraft:leather_boots":2,"minecraft:spyglass":2,"minecraft:dirt":91,"minecraft:crafting_table":1,"minecraft:mushroom_stew":3,"minecraft:granite":5,"minecraft:end_stone":2,"minecraft:wooden_axe":10,"minecraft:red_sandstone":11,"minecraft:firework_rocket":40,"minecraft:bread":5,"minecraft:written_book":2,"minecraft:cobblestone":22,"minecraft:warped_fungus":1,"minecraft:crimson_fungus":1,"minecraft:netherite_pickaxe":125,"minecraft:enchanted_golden_apple":1},"minecraft:broken":{"minecraft:wooden_shovel":1,"minecraft:stone_shovel":1,"minecraft:wooden_pickaxe":1},"minecraft:picked_up":{"minecraft:shulker_shell":1,"minecraft:charcoal":2,"minecraft:azure_bluet":6,"minecraft:crimson_stem":11,"minecraft:wooden_pickaxe":3,"minecraft:oak_stairs":1,"minecraft:enchanted_book":1,"minecraft:crimson_fungus":1,"minecraft:dragon_head":1,"minecraft:oak_log":4,"minecraft:nether_wart_block":2,"minecraft:cornflower":4,"minecraft:dirt":228,"minecraft:leather_boots":3,"minecraft:apple":1,"minecraft:stonecutter":1,"minecraft:red_sandstone":17,"minecraft:wheat_seeds":9,"minecraft:warped_stem":15,"minecraft:stone_pickaxe":2,"minecraft:tinted_glass":1,"minecraft:iron_nugget":1,"minecraft:poppy":4,"minecraft:chest":1,"minecraft:sugar_cane":1,"minecraft:oak_planks":3,"minecraft:polished_blackstone_brick_slab":1,"minecraft:end_stone":2,"minecraft:oak_slab":1,"minecraft:stick":2,"minecraft:warped_fungus":1,"minecraft:sandstone":5,"minecraft:emerald_block":8,"minecraft:dandelion":1,"minecraft:torch":2,"minecraft:spyglass":1,"minecraft:sand":5,"minecraft:soul_torch":5,"minecraft:weeping_vines":1,"minecraft:diamond":2,"minecraft:granite":5,"minecraft:bread":5,"minecraft:end_rod":2,"minecraft:emerald":2,"minecraft:chiseled_red_sandstone":1,"minecraft:oak_sapling":1,"minecraft:chorus_fruit":18,"minecraft:cobblestone":67,"minecraft:oxeye_daisy":6},"minecraft:crafted":{"minecraft:oak_planks":16,"minecraft:stone_shovel":1,"minecraft:crafting_table":1,"minecraft:stone_pickaxe":1},"minecraft:killed":{"minecraft:shulker":2},"minecraft:mined":{"minecraft:yellow_terracotta":2,"minecraft:podzol":2,"minecraft:dragon_wall_head":1,"minecraft:oak_slab":1,"minecraft:tuff":12,"minecraft:chiseled_red_sandstone":1,"minecraft:soul_torch":5,"minecraft:basalt":18,"minecraft:end_stone":2,"minecraft:torch":1,"minecraft:granite":5,"minecraft:honey_block":13,"minecraft:grass_block":164,"minecraft:chest":1,"minecraft:crimson_roots":1,"minecraft:weeping_vines":1,"minecraft:campfire":1,"minecraft:soul_soil":6,"minecraft:tall_grass":18,"minecraft:cobblestone":2,"minecraft:honeycomb_block":18,"minecraft:polished_blackstone_brick_slab":6,"minecraft:crimson_fungus":1,"minecraft:oak_planks":3,"minecraft:sandstone":5,"minecraft:crimson_stem":12,"minecraft:red_terracotta":6,"minecraft:seagrass":1,"minecraft:weeping_vines_plant":1,"minecraft:nether_wart_block":2,"minecraft:tinted_glass":1,"minecraft:red_sandstone":11,"minecraft:nether_sprouts":1,"minecraft:green_terracotta":8,"minecraft:warped_fungus":1,"minecraft:grass":80,"minecraft:dripstone_block":5,"minecraft:oak_log":4,"minecraft:oak_stairs":1,"minecraft:warped_stem":16,"minecraft:end_rod":1,"minecraft:gravel":1,"minecraft:sand":5,"minecraft:dirt":68,"minecraft:brown_terracotta":2,"minecraft:stonecutter":1,"minecraft:stone":43,"minecraft:oak_leaves":5,"minecraft:emerald_block":8},"minecraft:custom":{"minecraft:mob_kills":2,"minecraft:interact_with_crafting_table":4,"minecraft:damage_resisted":102,"minecraft:time_since_death":834,"minecraft:climb_one_cm":203,"minecraft:damage_absorbed":158,"minecraft:time_since_rest":872,"minecraft:sprint_one_cm":50824,"minecraft:damage_taken":1845,"minecraft:walk_one_cm":64290,"minecraft:drop":7,"minecraft:damage_dealt":868,"minecraft:talked_to_villager":1,"minecraft:fly_one_cm":66466,"minecraft:open_chest":17,"minecraft:crouch_one_cm":43378,"minecraft:play_time":46092,"minecraft:deaths":5,"minecraft:sneak_time":12234,"minecraft:walk_under_water_one_cm":49,"minecraft:aviate_one_cm":803575,"minecraft:jump":425,"minecraft:walk_on_water_one_cm":2777,"minecraft:total_world_time":46092,"minecraft:fall_one_cm":10635},"minecraft:killed_by":{"minecraft:shulker":4},"minecraft:dropped":{"minecraft:oak_slab":1,"minecraft:bowl":1,"minecraft:red_sandstone":6,"minecraft:weeping_vines":1,"minecraft:leather_boots":1,"minecraft:sandstone":3}},"DataVersion":3465}