{"stats":{"minecraft:used":{"minecraft:stone_pickaxe":56,"minecraft:birch_boat":1,"minecraft:shield":1,"minecraft:spruce_planks":7,"minecraft:wooden_pickaxe":38,"minecraft:white_terracotta":1,"minecraft:dirt":14,"minecraft:sand":1,"minecraft:crafting_table":10,"minecraft:spruce_boat":3,"minecraft:command_block":1,"minecraft:stone_axe":82,"minecraft:wooden_sword":19,"minecraft:cobblestone":5,"minecraft:beef":1,"minecraft:dark_oak_boat":3,"minecraft:sweet_berries":11,"minecraft:furnace":4,"minecraft:cooked_porkchop":3,"minecraft:andesite":2,"minecraft:cooked_beef":2},"minecraft:picked_up":{"minecraft:birch_log":2,"minecraft:crafting_table":4,"minecraft:lilac":3,"minecraft:cooked_beef":1,"minecraft:andesite":2,"minecraft:dark_oak_boat":1,"minecraft:leather":6,"minecraft:brown_mushroom":7,"minecraft:wooden_pickaxe":1,"minecraft:oak_log":9,"minecraft:gunpowder":4,"minecraft:dirt":42,"minecraft:wooden_sword":2,"minecraft:leather_boots":1,"minecraft:compass":4,"minecraft:kelp":13,"minecraft:wheat_seeds":2,"minecraft:iron_ingot":4,"minecraft:beef":18,"minecraft:furnace":2,"minecraft:stick":4,"minecraft:cooked_porkchop":1,"minecraft:birch_boat":2,"minecraft:sweet_berries":34,"minecraft:sand":8,"minecraft:porkchop":43,"minecraft:spruce_log":9,"minecraft:dark_oak_log":13,"minecraft:rotten_flesh":7,"minecraft:gray_wool":1,"minecraft:white_terracotta":1,"minecraft:oak_sapling":2,"minecraft:mutton":3,"minecraft:coal":39,"minecraft:white_wool":2,"minecraft:cobblestone":43},"minecraft:crafted":{"minecraft:cooked_beef":1,"minecraft:wooden_sword":1,"minecraft:oak_planks":32,"minecraft:cooked_porkchop":11,"minecraft:dark_oak_boat":2,"minecraft:crafting_table":7,"minecraft:spruce_planks":36,"minecraft:wooden_pickaxe":2,"minecraft:iron_sword":1,"minecraft:furnace":2,"minecraft:birch_planks":8,"minecraft:stone_axe":1,"minecraft:air":0,"minecraft:iron_chestplate":1,"minecraft:shield":1,"minecraft:stick":16,"minecraft:stone_pickaxe":1,"minecraft:spruce_boat":3,"minecraft:dark_oak_planks":52},"minecraft:killed":{"minecraft:pig":15,"minecraft:spider":1,"minecraft:creeper":2,"minecraft:sheep":2,"minecraft:zombie":6,"minecraft:cow":6},"minecraft:mined":{"minecraft:brown_mushroom":7,"minecraft:dark_oak_log":13,"minecraft:crafting_table":3,"minecraft:grass_block":7,"minecraft:spruce_leaves":1,"minecraft:large_fern":1,"minecraft:white_terracotta":1,"minecraft:tall_seagrass":1,"minecraft:furnace":2,"minecraft:birch_log":2,"minecraft:sweet_berry_bush":17,"minecraft:spruce_log":10,"minecraft:andesite":2,"minecraft:birch_leaves":3,"minecraft:oak_log":7,"minecraft:coal_ore":14,"minecraft:sand":3,"minecraft:dirt":11,"minecraft:stone":42,"minecraft:oak_leaves":3},"minecraft:custom":{"minecraft:interact_with_furnace":16,"minecraft:mob_kills":34,"minecraft:interact_with_crafting_table":17,"minecraft:time_since_death":41911,"minecraft:time_since_rest":41936,"minecraft:sprint_one_cm":175560,"minecraft:damage_taken":690,"minecraft:walk_one_cm":58319,"minecraft:damage_blocked_by_shield":10,"minecraft:drop":18,"minecraft:damage_dealt":4346,"minecraft:swim_one_cm":39347,"minecraft:fly_one_cm":296774,"minecraft:open_chest":3,"minecraft:crouch_one_cm":404,"minecraft:play_time":54711,"minecraft:deaths":4,"minecraft:sneak_time":209,"minecraft:walk_under_water_one_cm":2604,"minecraft:boat_one_cm":448897,"minecraft:jump":1417,"minecraft:walk_on_water_one_cm":7974,"minecraft:total_world_time":54711,"minecraft:fall_one_cm":36452},"minecraft:killed_by":{"minecraft:player":1},"minecraft:dropped":{"minecraft:iron_ingot":8,"minecraft:sweet_berries":16,"minecraft:compass":4,"minecraft:iron_nugget":8,"minecraft:cooked_porkchop":2,"minecraft:rotten_flesh":2,"minecraft:recovery_compass":1,"minecraft:oak_sapling":1,"minecraft:wooden_sword":2,"minecraft:white_wool":1}},"DataVersion":3465}