{"stats":{"minecraft:used":{"minecraft:red_sand":1,"minecraft:command_block":1,"minecraft:bread":6,"minecraft:stone_pickaxe":13,"minecraft:wooden_pickaxe":4,"minecraft:pink_petals":2,"minecraft:stone_axe":3,"minecraft:golden_sword":32,"minecraft:fire_charge":2,"minecraft:beef":1,"minecraft:crafting_table":3,"minecraft:cooked_porkchop":1,"minecraft:golden_shovel":10,"minecraft:obsidian":2},"minecraft:picked_up":{"minecraft:pink_petals":6,"minecraft:cooked_porkchop":1,"minecraft:feather":9,"minecraft:chicken":7,"minecraft:cherry_planks":4,"minecraft:oak_fence":1,"minecraft:leather":9,"minecraft:porkchop":3,"minecraft:oak_log":2,"minecraft:cherry_log":3,"minecraft:dirt":2,"minecraft:rotten_flesh":1,"minecraft:wheat_seeds":3,"minecraft:hay_block":25,"minecraft:beef":8,"minecraft:coal":5,"minecraft:cobblestone":9},"minecraft:crafted":{"minecraft:cherry_planks":8,"minecraft:oak_planks":8,"minecraft:crafting_table":3,"minecraft:stick":8,"minecraft:wooden_pickaxe":1,"minecraft:stone_pickaxe":1,"minecraft:stone_axe":1,"minecraft:bread":36,"minecraft:wheat":108},"minecraft:killed":{"minecraft:pig":1,"minecraft:zombie":1,"minecraft:chicken":7,"minecraft:cow":6},"minecraft:mined":{"minecraft:hay_block":25,"minecraft:cherry_log":3,"minecraft:oak_fence":1,"minecraft:grass":7,"minecraft:oak_log":2,"minecraft:grass_block":1,"minecraft:coal_ore":5,"minecraft:dirt":1,"minecraft:tall_grass":1,"minecraft:stone":9},"minecraft:custom":{"minecraft:time_since_rest":1293,"minecraft:sprint_one_cm":73115,"minecraft:damage_taken":750,"minecraft:walk_one_cm":18350,"minecraft:mob_kills":16,"minecraft:drop":2,"minecraft:damage_dealt":1300,"minecraft:swim_one_cm":714,"minecraft:interact_with_crafting_table":7,"minecraft:fly_one_cm":209930,"minecraft:open_chest":3,"minecraft:crouch_one_cm":672,"minecraft:play_time":19427,"minecraft:deaths":3,"minecraft:sneak_time":366,"minecraft:walk_under_water_one_cm":128,"minecraft:jump":675,"minecraft:leave_game":1,"minecraft:walk_on_water_one_cm":180,"minecraft:time_since_death":1269,"minecraft:total_world_time":19427,"minecraft:fall_one_cm":24157},"minecraft:killed_by":{"minecraft:player":1},"minecraft:dropped":{"minecraft:compass":64,"minecraft:recovery_compass":64}},"DataVersion":3465}