{"stats":{"minecraft:picked_up":{"minecraft:cherry_log":1},"minecraft:mined":{"minecraft:grass":1,"minecraft:cherry_log":1},"minecraft:custom":{"minecraft:jump":72,"minecraft:open_chest":9,"minecraft:time_since_rest":1209,"minecraft:leave_game":1,"minecraft:crouch_one_cm":144,"minecraft:damage_taken":80,"minecraft:sprint_one_cm":5551,"minecraft:play_time":1209,"minecraft:time_since_death":1209,"minecraft:walk_one_cm":5114,"minecraft:sneak_time":25,"minecraft:total_world_time":1210,"minecraft:fall_one_cm":2766,"minecraft:fly_one_cm":61964},"minecraft:used":{"minecraft:cherry_log":1}},"DataVersion":3465}