{"stats":{"minecraft:used":{"minecraft:stone_sword":2,"minecraft:stone_pickaxe":3,"minecraft:wooden_pickaxe":6,"minecraft:white_wool":1,"minecraft:dirt":14,"minecraft:crafting_table":2,"minecraft:wooden_axe":1,"minecraft:bread":9,"minecraft:stone_axe":11,"minecraft:pink_petals":1,"minecraft:wooden_sword":23,"minecraft:cobblestone":1,"minecraft:porkchop":2,"minecraft:enchanted_golden_apple":1},"minecraft:picked_up":{"minecraft:pink_petals":46,"minecraft:feather":9,"minecraft:chicken":14,"minecraft:oak_log":3,"minecraft:golden_sword":2,"minecraft:dirt":14,"minecraft:wooden_sword":2,"minecraft:compass":64,"minecraft:bone":1,"minecraft:wheat_seeds":5,"minecraft:enchanted_golden_apple":1,"minecraft:raw_iron":4,"minecraft:oak_fence":1,"minecraft:torch":3,"minecraft:porkchop":2,"minecraft:cherry_log":7,"minecraft:arrow":1,"minecraft:stone_axe":1,"minecraft:hay_block":6,"minecraft:bread":104,"minecraft:mutton":3,"minecraft:coal":5,"minecraft:white_wool":2,"minecraft:cobblestone":9},"minecraft:crafted":{"minecraft:cherry_planks":28,"minecraft:wooden_sword":2,"minecraft:oak_planks":12,"minecraft:crafting_table":2,"minecraft:wooden_pickaxe":2,"minecraft:stone_axe":1,"minecraft:bread":18,"minecraft:wooden_hoe":1,"minecraft:stick":20,"minecraft:stone_pickaxe":1,"minecraft:wooden_axe":2,"minecraft:stone_sword":1,"minecraft:wheat":54},"minecraft:mined":{"minecraft:cherry_log":7,"minecraft:grass_block":9,"minecraft:cobblestone":6,"minecraft:pink_petals":20,"minecraft:hay_block":6,"minecraft:iron_ore":3,"minecraft:birch_leaves":1,"minecraft:grass":22,"minecraft:oak_log":3,"minecraft:dirt":3,"minecraft:oak_leaves":2},"minecraft:killed":{"minecraft:pig":2,"minecraft:sheep":2,"minecraft:skeleton":1,"minecraft:villager":1},"minecraft:custom":{"minecraft:mob_kills":6,"minecraft:interact_with_crafting_table":15,"minecraft:leave_game":1,"minecraft:time_since_death":13636,"minecraft:time_since_rest":13662,"minecraft:sprint_one_cm":76413,"minecraft:damage_taken":1997,"minecraft:walk_one_cm":38991,"minecraft:drop":74,"minecraft:damage_dealt":2167,"minecraft:swim_one_cm":653,"minecraft:fly_one_cm":158487,"minecraft:player_kills":4,"minecraft:open_chest":2,"minecraft:crouch_one_cm":320,"minecraft:play_time":19640,"minecraft:deaths":8,"minecraft:sneak_time":97,"minecraft:walk_under_water_one_cm":95,"minecraft:jump":786,"minecraft:walk_on_water_one_cm":158,"minecraft:total_world_time":19640,"minecraft:fall_one_cm":32549},"minecraft:killed_by":{"minecraft:player":7},"minecraft:dropped":{"minecraft:compass":37,"minecraft:wheat_seeds":1,"minecraft:oak_fence":1,"minecraft:chicken":7,"minecraft:wooden_axe":1,"minecraft:golden_sword":1,"minecraft:pink_petals":32}},"DataVersion":3465}