{"stats":{"minecraft:used":{"minecraft:golden_boots":2,"minecraft:stone_pickaxe":4,"minecraft:oak_planks":3,"minecraft:wooden_pickaxe":14,"minecraft:rotten_flesh":1,"minecraft:dirt":25,"minecraft:crafting_table":9,"minecraft:iron_axe":6,"minecraft:stone_axe":26,"minecraft:wooden_sword":11,"minecraft:beef":1,"minecraft:porkchop":13,"minecraft:oak_boat":7,"minecraft:egg":1},"minecraft:picked_up":{"minecraft:birch_log":1,"minecraft:crafting_table":5,"minecraft:lilac":3,"minecraft:leather":5,"minecraft:wooden_pickaxe":2,"minecraft:smoker":1,"minecraft:oak_log":18,"minecraft:gunpowder":2,"minecraft:dirt":32,"minecraft:blue_bed":1,"minecraft:wooden_sword":3,"minecraft:compass":3,"minecraft:kelp":25,"minecraft:wheat_seeds":2,"minecraft:beef":2,"minecraft:oak_boat":3,"minecraft:oak_planks":7,"minecraft:egg":1,"minecraft:furnace":1,"minecraft:stick":9,"minecraft:porkchop":13,"minecraft:rotten_flesh":1,"minecraft:oak_sapling":1,"minecraft:cobblestone":20},"minecraft:crafted":{"minecraft:wooden_sword":1,"minecraft:oak_planks":68,"minecraft:crafting_table":5,"minecraft:wooden_pickaxe":1,"minecraft:birch_planks":4,"minecraft:stone_axe":3,"minecraft:oak_boat":4,"minecraft:iron_axe":1,"minecraft:stick":20,"minecraft:iron_ingot":3,"minecraft:stone_pickaxe":2,"minecraft:stone_sword":2},"minecraft:mined":{"minecraft:smoker":1,"minecraft:crafting_table":6,"minecraft:grass_block":3,"minecraft:oak_planks":1,"minecraft:blue_bed":1,"minecraft:furnace":1,"minecraft:birch_log":1,"minecraft:lilac":2,"minecraft:grass":6,"minecraft:oak_log":19,"minecraft:dirt":3,"minecraft:stone":11,"minecraft:oak_leaves":5},"minecraft:killed":{"minecraft:pig":6,"minecraft:cow":2},"minecraft:custom":{"minecraft:interact_with_furnace":1,"minecraft:mob_kills":8,"minecraft:interact_with_crafting_table":13,"minecraft:leave_game":2,"minecraft:time_since_death":1364,"minecraft:time_since_rest":1394,"minecraft:sprint_one_cm":149814,"minecraft:damage_taken":1459,"minecraft:walk_one_cm":45693,"minecraft:drop":9,"minecraft:damage_dealt":1441,"minecraft:swim_one_cm":21036,"minecraft:fly_one_cm":320117,"minecraft:player_kills":3,"minecraft:open_chest":4,"minecraft:crouch_one_cm":2549,"minecraft:play_time":51320,"minecraft:deaths":7,"minecraft:sneak_time":1382,"minecraft:walk_under_water_one_cm":4037,"minecraft:boat_one_cm":667075,"minecraft:jump":1344,"minecraft:walk_on_water_one_cm":4689,"minecraft:total_world_time":51320,"minecraft:fall_one_cm":43288},"minecraft:killed_by":{"minecraft:player":4,"minecraft:creeper":1},"minecraft:dropped":{"minecraft:stone_axe":1,"minecraft:compass":1,"minecraft:wheat_seeds":2,"minecraft:lilac":3,"minecraft:oak_log":1,"minecraft:leather":2,"minecraft:stick":4}},"DataVersion":3465}