{"stats":{"minecraft:used":{"minecraft:wooden_sword":9,"minecraft:crafting_table":1,"minecraft:porkchop":2},"minecraft:picked_up":{"minecraft:pink_petals":2,"minecraft:wheat_seeds":3,"minecraft:porkchop":2,"minecraft:cherry_log":2},"minecraft:crafted":{"minecraft:cherry_planks":8,"minecraft:wooden_sword":1,"minecraft:crafting_table":1,"minecraft:stick":4},"minecraft:killed":{"minecraft:pig":2},"minecraft:mined":{"minecraft:pink_petals":2,"minecraft:grass":7,"minecraft:cherry_log":2},"minecraft:custom":{"minecraft:time_since_rest":2669,"minecraft:play_time":2669,"minecraft:sprint_one_cm":7872,"minecraft:damage_taken":205,"minecraft:walk_one_cm":6391,"minecraft:sneak_time":28,"minecraft:mob_kills":2,"minecraft:drop":1,"minecraft:jump":120,"minecraft:damage_dealt":701,"minecraft:leave_game":1,"minecraft:time_since_death":2669,"minecraft:total_world_time":2669,"minecraft:interact_with_crafting_table":1,"minecraft:fall_one_cm":3838,"minecraft:fly_one_cm":11880,"minecraft:player_kills":1},"minecraft:dropped":{"minecraft:wheat_seeds":1}},"DataVersion":3465}