{"stats":{"minecraft:used":{"minecraft:golden_boots":1,"minecraft:stone_sword":23,"minecraft:birch_planks":10,"minecraft:stone_pickaxe":51,"minecraft:wooden_pickaxe":23,"minecraft:birch_boat":13,"minecraft:iron_sword":6,"minecraft:leather_boots":1,"minecraft:golden_apple":1,"minecraft:dirt":6,"minecraft:crafting_table":10,"minecraft:granite":3,"minecraft:dark_oak_planks":9,"minecraft:birch_button":1,"minecraft:stone_axe":42,"minecraft:wooden_sword":5,"minecraft:cobblestone":12,"minecraft:beef":1,"minecraft:furnace":3,"minecraft:cooked_porkchop":2,"minecraft:cooked_beef":7,"minecraft:coarse_dirt":1,"minecraft:enchanted_golden_apple":1,"minecraft:golden_axe":1},"minecraft:picked_up":{"minecraft:birch_log":19,"minecraft:coarse_dirt":1,"minecraft:crafting_table":9,"minecraft:lilac":3,"minecraft:leather":8,"minecraft:birch_planks":1,"minecraft:oak_log":7,"minecraft:dirt":8,"minecraft:wooden_sword":1,"minecraft:leather_boots":1,"minecraft:compass":9,"minecraft:wheat_seeds":2,"minecraft:iron_ingot":4,"minecraft:beef":9,"minecraft:oak_boat":1,"minecraft:iron_nugget":8,"minecraft:birch_sapling":2,"minecraft:furnace":1,"minecraft:stick":1,"minecraft:cooked_porkchop":2,"minecraft:birch_boat":9,"minecraft:sweet_berries":16,"minecraft:dark_oak_log":20,"minecraft:arrow":2,"minecraft:rotten_flesh":1,"minecraft:granite":3,"minecraft:oak_sapling":2,"minecraft:mutton":4,"minecraft:coal":31,"minecraft:white_wool":3,"minecraft:cobblestone":36},"minecraft:crafted":{"minecraft:cooked_beef":7,"minecraft:wooden_sword":1,"minecraft:oak_planks":12,"minecraft:leather_boots":1,"minecraft:crafting_table":3,"minecraft:wooden_pickaxe":1,"minecraft:birch_boat":4,"minecraft:iron_sword":1,"minecraft:furnace":2,"minecraft:birch_planks":76,"minecraft:stone_axe":1,"minecraft:air":0,"minecraft:shield":1,"minecraft:stick":92,"minecraft:stone_pickaxe":1,"minecraft:stone_sword":1,"minecraft:birch_button":1,"minecraft:dark_oak_planks":80},"minecraft:killed":{"minecraft:sheep":3,"minecraft:cow":6},"minecraft:mined":{"minecraft:dark_oak_log":20,"minecraft:crafting_table":9,"minecraft:granite":3,"minecraft:grass_block":2,"minecraft:dead_bush":2,"minecraft:coarse_dirt":1,"minecraft:furnace":1,"minecraft:birch_log":19,"minecraft:lilac":1,"minecraft:birch_leaves":1,"minecraft:grass":1,"minecraft:oak_log":7,"minecraft:coal_ore":25,"minecraft:sand":7,"minecraft:dirt":6,"minecraft:stone":37,"minecraft:oak_leaves":6,"minecraft:fern":2},"minecraft:custom":{"minecraft:interact_with_furnace":9,"minecraft:mob_kills":9,"minecraft:interact_with_crafting_table":14,"minecraft:leave_game":1,"minecraft:time_since_death":45141,"minecraft:time_since_rest":45164,"minecraft:sprint_one_cm":163187,"minecraft:damage_absorbed":40,"minecraft:damage_taken":1339,"minecraft:walk_one_cm":65629,"minecraft:drop":22,"minecraft:damage_dealt":1485,"minecraft:swim_one_cm":9236,"minecraft:fly_one_cm":336052,"minecraft:player_kills":4,"minecraft:open_chest":3,"minecraft:crouch_one_cm":9456,"minecraft:play_time":52822,"minecraft:deaths":4,"minecraft:sneak_time":2898,"minecraft:walk_under_water_one_cm":2116,"minecraft:boat_one_cm":573822,"minecraft:jump":1353,"minecraft:walk_on_water_one_cm":5689,"minecraft:total_world_time":52822,"minecraft:fall_one_cm":43938},"minecraft:killed_by":{"minecraft:player":2},"minecraft:dropped":{"minecraft:stone_axe":1,"minecraft:compass":3,"minecraft:birch_planks":1,"minecraft:wheat_seeds":2,"minecraft:lilac":3,"minecraft:birch_sapling":2,"minecraft:dirt":2,"minecraft:leather_boots":2,"minecraft:oak_sapling":2,"minecraft:wooden_sword":1,"minecraft:arrow":2,"minecraft:wooden_pickaxe":1}},"DataVersion":3465}