{"stats":{"minecraft:used":{"minecraft:stone_sword":3,"minecraft:stone_pickaxe":26,"minecraft:ender_pearl":1,"minecraft:wooden_pickaxe":6,"minecraft:dirt":4,"minecraft:crafting_table":3,"minecraft:bread":7,"minecraft:stone_axe":1,"minecraft:pink_petals":2,"minecraft:wooden_sword":37,"minecraft:cobblestone":7},"minecraft:picked_up":{"minecraft:wooden_axe":2,"minecraft:pink_petals":16,"minecraft:crafting_table":1,"minecraft:feather":9,"minecraft:chicken":7,"minecraft:cherry_planks":1,"minecraft:leather":9,"minecraft:wooden_pickaxe":1,"minecraft:golden_shovel":1,"minecraft:flint":3,"minecraft:oak_log":5,"minecraft:golden_sword":1,"minecraft:dirt":4,"minecraft:wooden_sword":1,"minecraft:compass":21,"minecraft:wheat_seeds":6,"minecraft:stone_pickaxe":1,"minecraft:beef":7,"minecraft:enchanted_golden_apple":1,"minecraft:stick":7,"minecraft:raw_iron":4,"minecraft:oak_fence":1,"minecraft:torch":3,"minecraft:recovery_compass":64,"minecraft:porkchop":3,"minecraft:cherry_log":6,"minecraft:white_bed":1,"minecraft:rotten_flesh":1,"minecraft:stone_axe":1,"minecraft:hay_block":40,"minecraft:oak_sapling":1,"minecraft:cobblestone":26},"minecraft:crafted":{"minecraft:cherry_planks":20,"minecraft:wooden_sword":2,"minecraft:oak_planks":20,"minecraft:crafting_table":3,"minecraft:wooden_pickaxe":1,"minecraft:stone_axe":1,"minecraft:bread":81,"minecraft:stick":24,"minecraft:stone_pickaxe":1,"minecraft:wooden_axe":1,"minecraft:stone_sword":1,"minecraft:wheat":243},"minecraft:mined":{"minecraft:white_bed":1,"minecraft:cherry_log":5,"minecraft:crafting_table":1,"minecraft:grass_block":4,"minecraft:tall_grass":2,"minecraft:cobblestone":14,"minecraft:wall_torch":1,"minecraft:pink_petals":7,"minecraft:hay_block":27,"minecraft:iron_ore":5,"minecraft:grass":6,"minecraft:oak_log":5,"minecraft:cherry_leaves":6,"minecraft:stone":12,"minecraft:oak_leaves":1},"minecraft:custom":{"minecraft:interact_with_crafting_table":8,"minecraft:leave_game":1,"minecraft:time_since_death":264,"minecraft:time_since_rest":289,"minecraft:sprint_one_cm":57781,"minecraft:damage_taken":1904,"minecraft:walk_one_cm":40063,"minecraft:drop":48,"minecraft:damage_dealt":1468,"minecraft:swim_one_cm":435,"minecraft:fly_one_cm":145600,"minecraft:player_kills":7,"minecraft:crouch_one_cm":2551,"minecraft:play_time":18384,"minecraft:deaths":6,"minecraft:sneak_time":1180,"minecraft:walk_under_water_one_cm":121,"minecraft:jump":678,"minecraft:walk_on_water_one_cm":170,"minecraft:total_world_time":18384,"minecraft:fall_one_cm":30570},"minecraft:killed_by":{"minecraft:player":3,"minecraft:skeleton":1},"minecraft:dropped":{"minecraft:bread":74,"minecraft:compass":21,"minecraft:stone_axe":2,"minecraft:porkchop":3,"minecraft:wheat_seeds":6,"minecraft:cherry_log":1,"minecraft:stone_sword":1,"minecraft:crafting_table":1,"minecraft:raw_iron":4,"minecraft:chicken":7,"minecraft:oak_fence":1,"minecraft:feather":9,"minecraft:rotten_flesh":1,"minecraft:cobblestone":11,"minecraft:oak_planks":6,"minecraft:enchanted_golden_apple":1,"minecraft:leather":9,"minecraft:golden_shovel":1,"minecraft:white_bed":1,"minecraft:recovery_compass":64,"minecraft:stick":14,"minecraft:flint":3,"minecraft:hay_block":13,"minecraft:torch":3,"minecraft:wooden_axe":2,"minecraft:cherry_planks":1,"minecraft:oak_sapling":1,"minecraft:golden_sword":1,"minecraft:wooden_sword":1,"minecraft:beef":7,"minecraft:stone_pickaxe":2,"minecraft:wooden_pickaxe":2,"minecraft:pink_petals":6}},"DataVersion":3465}