{"stats":{"minecraft:picked_up":{"minecraft:cherry_log":1,"minecraft:wheat_seeds":1},"minecraft:mined":{"minecraft:cherry_log":1,"minecraft:cherry_leaves":3},"minecraft:custom":{"minecraft:jump":50,"minecraft:leave_game":1,"minecraft:time_since_rest":380,"minecraft:damage_dealt":85,"minecraft:crouch_one_cm":630,"minecraft:deaths":2,"minecraft:sprint_one_cm":2932,"minecraft:play_time":1634,"minecraft:damage_taken":656,"minecraft:time_since_death":357,"minecraft:walk_one_cm":4683,"minecraft:sneak_time":380,"minecraft:total_world_time":1634,"minecraft:drop":1,"minecraft:fall_one_cm":5359,"minecraft:fly_one_cm":5656},"minecraft:killed_by":{"minecraft:player":1},"minecraft:dropped":{"minecraft:wheat_seeds":1}},"DataVersion":3465}