{
  "minecraft:recipes/misc/charcoal": {
    "criteria": {
      "has_log": "2024-05-03 17:56:00 -0600"
    },
    "done": true
  },
  "minecraft:recipes/decorations/crafting_table": {
    "criteria": {
      "unlock_right_away": "2024-05-03 17:55:20 -0600"
    },
    "done": true
  },
  "minecraft:recipes/building_blocks/cherry_planks": {
    "criteria": {
      "has_log": "2024-05-03 17:56:00 -0600"
    },
    "done": true
  },
  "minecraft:adventure/adventuring_time": {
    "criteria": {
      "minecraft:cherry_grove": "2024-05-03 17:55:30 -0600",
      "minecraft:plains": "2024-05-03 17:56:34 -0600"
    },
    "done": false
  },
  "minecraft:recipes/building_blocks/cherry_wood": {
    "criteria": {
      "has_log": "2024-05-03 17:56:00 -0600"
    },
    "done": true
  },
  "DataVersion": 3465
}